Implementation,Language,Min(s),Median(s),Avg(s),Max(s),Trials
Single Thread,C,0.001007,0.001311,0.001402,0.001873,"0.001088;0.001304;0.001311;0.001110;0.001540;0.001164;0.001300;0.001007;0.001152;0.001472;0.001722;0.001873;0.001667;0.001854;0.001463"
